City_ID,City,Lat,Lng,Max Temp,Humidity,Cloudiness,Wind Speed,Country,Date
0,badger,64.8,-147.5333,24.44,49,20,1.54,US,1689976033
1,ushuaia,-54.8,-68.3,-1.19,69,75,6.69,AR,1689975783
2,punta arenas,-53.15,-70.9167,-2.16,92,100,2.47,CL,1689976632
3,greymouth,-42.4667,171.2,5.22,75,14,3.63,NZ,1689976632
4,jatai,-17.8814,-51.7144,22.57,45,2,3.02,BR,1689976633
5,port-aux-francais,-49.35,70.2167,0.87,59,100,15.95,TF,1689976634
6,adamstown,-25.066,-130.1015,21.08,72,48,13.01,PN,1689976356
7,cabo san lucas,22.8909,-109.9124,37.01,61,0,5.69,MX,1689976200
8,hilo,19.7297,-155.09,27.84,74,100,3.09,US,1689976462
9,atafu village,-8.5421,-172.5159,28.79,70,64,4.83,TK,1689976041
10,nago,26.5881,127.9761,28.47,81,61,3.14,JP,1689976432
11,puerto natales,-51.7236,-72.4875,-2.59,96,100,2.14,CL,1689976635
12,thompson,55.7435,-97.8558,20.09,77,75,3.6,CA,1689976635
13,grytviken,-54.2811,-36.5092,3.18,97,100,6.62,GS,1689976635
14,dolisie,-4.1997,12.6739,20.02,83,93,3.05,CG,1689976635
15,waitangi,-43.9535,-176.5597,11.57,95,100,1.34,NZ,1689976282
16,tromso,69.6496,18.957,12.01,82,0,1.54,NO,1689976636
17,remire-montjoly,4.9167,-52.2667,25.02,88,75,2.57,GF,1689976106
18,vilyuchinsk,52.9306,158.4028,18.15,84,75,4.44,RU,1689976049
19,nar'yan-mar,67.6713,53.087,8.24,94,86,6.2,RU,1689976637
20,edinburgh of the seven seas,-37.0676,-12.3116,12.33,65,100,7.11,SH,1689976356
21,menongue,-14.6585,17.691,17.91,32,77,0.41,AO,1689976637
22,magadan,59.5667,150.8,15.85,88,91,3.2,RU,1689976071
23,wynyard,-41.0,145.7167,8.28,92,86,0.49,AU,1689976054
24,dahab,28.501,34.5134,32.1,25,0,5.03,EG,1689976638
25,bredasdorp,-34.5322,20.0403,7.41,70,96,1.89,ZA,1689976046
26,albany,42.6001,-73.9662,25.88,80,4,3.97,US,1689976638
27,arkalyk,50.2486,66.9114,16.67,57,17,2.01,KZ,1689976422
28,malango,-2.9627,119.9001,17.67,97,40,0.8,ID,1689976639
29,san antonio de pale,-1.4014,5.6325,23.43,72,65,5.08,GQ,1689976639
30,hamilton,39.1834,-84.5333,27.07,57,100,4.12,US,1689976639
31,la'ie,21.6477,-157.9253,28.98,71,71,2.24,US,1689976371
32,ancud,-41.8697,-73.8203,9.35,86,100,7.14,CL,1689976117
33,aasiaat,68.7098,-52.8699,3.65,96,96,5.37,GL,1689976640
34,bilibino,68.0546,166.4372,22.76,43,39,0.78,RU,1689976048
35,stanley,54.868,-1.6985,12.38,92,20,1.54,GB,1689976641
36,isafjordur,66.0755,-23.124,11.21,68,94,1.69,IS,1689976641
37,papatowai,-46.5619,169.4708,6.4,71,5,5.88,NZ,1689976641
38,margaret river,-33.95,115.0667,11.21,77,1,1.0,AU,1689976641
39,west island,-12.1568,96.8225,24.99,78,40,6.17,CC,1689976642
40,port elizabeth,-33.918,25.5701,15.16,63,0,3.09,ZA,1689976528
41,arraias,-12.9288,-46.9437,23.34,45,100,5.75,BR,1689976642
42,fale old settlement,-9.3852,-171.2468,28.55,72,92,4.06,TK,1689976052
43,blackmans bay,-43.0167,147.3167,5.29,91,44,3.13,AU,1689976643
44,hithadhoo,-0.6,73.0833,27.48,80,88,2.79,MV,1689976096
45,puerto ayora,-0.7393,-90.3518,29.98,77,75,4.59,EC,1689976644
46,hawaiian paradise park,19.5933,-154.9731,27.72,75,100,3.09,US,1689976644
47,o barco de valdeorras,42.4164,-6.9901,19.72,91,0,1.07,ES,1689976644
48,belousovka,50.1339,82.5239,17.47,77,20,4.0,KZ,1689976645
49,kingston,17.997,-76.7936,34.58,62,20,11.32,JM,1689976620
50,goksun,38.021,36.4973,20.2,47,0,3.12,TR,1689976645
51,murun-kuren,49.6342,100.1625,13.7,91,100,1.84,MN,1689976645
52,iqaluit,63.7506,-68.5145,10.85,82,75,3.6,CA,1689976646
53,yellowknife,62.456,-114.3525,27.29,34,100,6.17,CA,1689976646
54,albertina,-22.2008,-46.6158,16.3,55,26,2.45,BR,1689976646
55,revda,56.801,59.9303,11.82,87,35,2.57,RU,1689976337
56,ribeira grande,38.5167,-28.7,20.99,92,99,0.89,PT,1689976647
57,invercargill,-46.4,168.35,0.01,99,16,0.89,NZ,1689976647
58,kirakira,-10.4544,161.9205,27.14,81,100,0.94,SB,1689976439
59,nemuro,43.3236,145.575,15.8,92,23,4.78,JP,1689976090
60,laguna,38.421,-121.4238,42.83,23,0,3.09,US,1689976103
61,kodiak,57.79,-152.4072,13.73,82,0,1.54,US,1689976648
62,amursk,50.2261,136.8994,20.74,95,100,1.36,RU,1689976648
63,ploneour-lanvern,47.9,-4.2833,14.16,88,0,2.06,FR,1689976648
64,longyearbyen,78.2186,15.6401,6.91,81,100,5.66,SJ,1689976051
65,port mathurin,-19.6833,63.4167,23.11,77,66,8.17,MU,1689976649
66,constantia,44.1833,28.65,20.39,81,0,4.48,RO,1689975862
67,trairi,-3.2778,-39.2689,25.99,70,5,5.57,BR,1689976323
68,whitehorse,60.7161,-135.0538,26.01,39,75,2.06,CA,1689976499
69,chadron,42.8294,-102.9999,28.82,38,0,2.06,US,1689976649
70,paracatu,-17.2222,-46.8747,21.44,55,88,1.96,BR,1689976561
71,nuuk,64.1835,-51.7216,6.42,94,92,2.91,GL,1689976650
72,malpica,43.3228,-8.8105,19.65,91,33,5.68,ES,1689976650
73,sitka,57.0531,-135.33,16.94,82,100,3.09,US,1689976061
74,northam,51.0333,-4.2167,15.34,84,81,4.22,GB,1689976135
75,tazovsky,67.4667,78.7,16.6,70,99,2.32,RU,1689976651
76,bethel,41.3712,-73.414,28.05,76,75,2.57,US,1689976651
77,jamestown,42.097,-79.2353,23.62,66,75,4.63,US,1689976651
78,pestravka,52.405,49.9583,16.52,93,90,3.71,RU,1689976651
79,sandnessjoen,66.0217,12.6316,13.29,88,75,3.6,NO,1689976094
80,kruisfontein,-34.0033,24.7314,11.73,80,4,4.01,ZA,1689976337
81,zhigalovo,54.8097,105.1578,13.98,75,0,0.67,RU,1689976652
82,katsuura,35.1333,140.3,24.67,78,71,4.23,JP,1689976434
83,sucua,-2.4667,-78.1667,24.41,78,40,3.09,EC,1689976652
84,luwuk,-0.9516,122.7875,24.21,88,45,2.27,ID,1689976652
85,tura,25.5198,90.2201,23.74,98,100,2.13,IN,1689976065
86,tiksi,71.6872,128.8694,9.43,59,30,4.06,RU,1689976653
87,talnakh,69.4865,88.3972,18.45,75,100,2.53,RU,1689975919
88,newman,37.3138,-121.0208,39.19,6,0,3.75,US,1689976653
89,puerto aysen,-45.4,-72.7,4.88,100,100,2.05,CL,1689976653
90,beolgyo,34.8449,127.3429,23.16,87,58,3.68,KR,1689976654
91,ilulissat,69.2167,-51.1,4.29,94,100,3.0,GL,1689976654
92,choyr,46.3611,108.3611,14.96,71,99,3.24,MN,1689976654
93,arraial do cabo,-22.9661,-42.0278,21.92,73,40,6.17,BR,1689976065
94,anadyr,64.75,177.4833,18.28,77,40,2.0,RU,1689976654
95,kapa'a,22.0752,-159.319,29.18,77,100,6.69,US,1689976070
96,anahuac,27.2333,-100.15,40.45,17,0,6.28,MX,1689976655
97,enewetak,11.3474,162.3373,28.62,78,90,7.06,MH,1689976655
98,murzuq,25.9155,13.9184,31.52,16,0,3.68,LY,1689976075
99,nogliki,51.8333,143.1667,18.01,86,100,2.8,RU,1689976328
100,kapuskasing,49.4169,-82.4331,21.05,43,40,3.6,CA,1689976655
101,soto la marina,23.7667,-98.2167,36.65,38,11,8.91,MX,1689976656
102,yauya,-8.9833,-77.3,16.9,34,23,3.65,PE,1689976656
103,celestun,20.8667,-90.4,29.13,74,86,5.88,MX,1689976656
104,yaroslavl,57.6299,39.8737,13.89,77,0,4.0,RU,1689976656
105,new norfolk,-42.7826,147.0587,5.95,92,48,1.13,AU,1689976657
106,kavieng,-2.5744,150.7967,28.07,76,84,3.91,PG,1689976287
107,mitsamiouli,-11.3847,43.2844,26.16,78,75,7.72,KM,1689976398
108,tiznit,29.5833,-9.5,25.64,49,0,0.89,MA,1689976432
109,haiku-pauwela,20.9219,-156.3051,29.01,55,20,8.75,US,1689976657
110,daru,-9.0763,143.2092,25.36,77,95,6.35,PG,1689976132
111,susuman,62.7833,148.1667,21.65,50,100,1.44,RU,1689976065
112,korla,41.7597,86.1469,31.03,23,100,6.35,CN,1689976366
113,shakawe,-18.3667,21.85,17.37,44,3,3.58,BW,1689976658
114,argo,37.6333,22.7333,28.21,41,0,1.29,GR,1689976614
115,puerto santa,-8.9906,-78.6456,21.74,77,50,5.51,PE,1689976658
116,dudinka,69.4058,86.1778,18.68,71,100,3.61,RU,1689976100
117,veraval,20.9,70.3667,27.51,86,100,6.61,IN,1689976063
118,val-d'or,48.1002,-77.7828,22.05,49,75,8.75,CA,1689976659
119,new plymouth,-39.0667,174.0833,12.12,75,47,6.66,NZ,1689976659
120,ust-nera,64.5667,143.2,16.25,89,100,2.78,RU,1689976286
121,ranot,7.7777,100.3213,26.19,80,100,3.92,TH,1689976660
122,lys'va,58.1086,57.8053,11.8,97,82,2.01,RU,1689976660
123,hanzhong,33.0728,107.0303,21.74,92,0,0.62,CN,1689976660
124,carnarvon,-24.8667,113.6333,13.8,36,0,9.68,AU,1689976264
125,hengchun,22.0042,120.7439,27.63,82,94,4.8,TW,1689976661
126,harper,4.375,-7.7169,25.1,84,77,5.97,LR,1689976479
127,avarua,-21.2078,-159.775,24.03,60,40,8.75,CK,1689976661
128,monywa,22.1167,95.1333,28.24,79,99,2.01,MM,1689976404
129,shimoda,34.6667,138.95,26.17,81,5,4.92,JP,1689976088
130,qamdo,31.1667,97.2333,2.25,51,0,0.53,CN,1689976662
131,olonkinbyen,70.9221,-8.7187,5.57,81,100,3.11,SJ,1689976662
132,lompoc,34.6391,-120.4579,35.99,72,75,3.6,US,1689976119
133,minas de marcona,-15.2119,-75.1103,16.53,68,4,5.31,PE,1689976109
134,neustrelitz,53.3667,13.0833,12.5,94,83,3.69,DE,1689976662
135,otjimbingwe,-22.35,16.1333,15.19,23,0,1.36,NA,1689976663
136,trinity beach,-16.7888,145.6968,20.01,88,0,5.14,AU,1689976132
137,hohhot,40.8106,111.6522,15.16,88,40,1.0,CN,1689976663
138,gunjur,13.2019,-16.7339,27.04,89,40,3.6,GM,1689976663
139,tsiroanomandidy,-18.7667,46.0333,19.23,64,87,2.4,MG,1689976663
140,igarka,67.4667,86.5833,16.33,72,81,4.05,RU,1689976113
141,wailua homesteads,22.0669,-159.378,28.44,83,100,6.69,US,1689976664
142,alvaraes,-3.2208,-64.8042,32.93,53,4,0.77,BR,1689976664
143,graaff-reinet,-32.2522,24.5308,13.29,64,52,5.73,ZA,1689976664
144,nadi,-17.8,177.4167,24.0,78,40,1.03,FJ,1689976665
145,iskateley,67.6803,53.1512,8.22,94,88,6.17,RU,1689976665
146,kushiro,42.975,144.3747,17.48,91,4,3.35,JP,1689976665
147,vladikavkaz,43.0367,44.6678,19.92,82,75,3.0,RU,1689976665
148,collie,-33.3667,116.15,5.69,95,0,1.09,AU,1689976666
149,westport,41.1415,-73.3579,28.86,74,20,3.6,US,1689976250
150,dwarka,22.2394,68.9678,27.92,85,100,6.89,IN,1689976079
151,lethem,3.3803,-59.7968,28.01,71,77,1.3,GY,1689976666
152,masterton,-40.9597,175.6575,8.82,94,100,2.59,NZ,1689976287
153,asyut,27.181,31.1837,32.1,17,0,3.68,EG,1689976621
154,walvis bay,-22.9575,14.5053,11.53,93,0,3.6,NA,1689976389
155,miyaly,48.8844,53.7836,24.07,35,66,3.51,KZ,1689976667
156,henryetta,35.4398,-95.9819,27.97,52,76,5.62,US,1689976667
157,kilju,40.9642,129.3278,22.03,94,79,1.6,KP,1689976668
158,petropavlovsk-kamchatsky,53.0452,158.6483,17.33,77,0,3.0,RU,1689976086
159,port lincoln,-34.7333,135.8667,12.45,73,47,6.21,AU,1689976668
160,college,64.8569,-147.8028,24.49,50,20,1.54,US,1689976669
161,gemena,3.25,19.7667,23.73,84,52,0.98,CD,1689976669
162,lebu,-37.6167,-73.65,10.83,91,100,4.03,CL,1689976669
163,afaahiti,-17.75,-149.2833,25.93,61,42,5.0,PF,1689976669
164,machico,32.7,-16.7667,23.4,79,20,4.63,PT,1689976670
165,inarajan village,13.2736,144.7484,29.11,93,100,4.66,GU,1689976670
166,puttalam,8.0362,79.8283,26.6,84,100,9.61,LK,1689976670
167,georgetown,5.4112,100.3354,23.97,85,20,2.68,MY,1689976670
168,gornopravdinsk,60.05,69.9,13.34,93,31,2.58,RU,1689976670
169,alice springs,-23.7,133.8833,0.75,93,0,2.57,AU,1689976425
170,bechar,31.6167,-2.2167,38.18,10,40,3.09,DZ,1689976671
171,zaozersk,69.4005,32.4476,8.16,86,100,7.08,RU,1689976116
172,stavern,59.0,10.0333,12.88,89,96,6.25,NO,1689976460
173,gaiman,-43.2897,-65.4929,13.81,39,49,4.91,AR,1689976671
174,brisas de zicatela,15.8369,-97.0419,33.29,62,20,4.12,MX,1689976285
175,carutapera,-1.195,-46.02,23.72,88,29,2.77,BR,1689976672
176,sinabang,2.4803,96.3801,26.26,83,97,1.13,ID,1689976672
177,chengzihe,45.3333,131.0667,23.19,88,95,0.79,CN,1689976672
178,belmonte,-15.8631,-38.8828,22.61,78,65,6.75,BR,1689976301
179,penhalonga,-18.8911,32.6978,11.12,94,93,2.37,ZW,1689976673
180,neelankarai,12.9455,80.2575,31.13,62,75,4.12,IN,1689976673
181,xilin hot,43.9667,116.0333,16.26,81,88,2.67,CN,1689976673
182,tingo maria,-9.2895,-76.0088,25.6,71,61,0.89,PE,1689976673
183,kimbe,-5.5502,150.1429,27.04,77,33,1.89,PG,1689976673
184,san sebastian de la gomera,28.0916,-17.1133,24.2,83,20,2.06,ES,1689976674
185,madaripur,23.1753,90.2072,27.22,89,99,5.5,BD,1689976674
186,peace river,56.2501,-117.286,30.17,32,75,2.06,CA,1689976452
187,banda aceh,5.5577,95.3222,26.79,75,89,6.06,ID,1689976380
188,braganca,-1.0536,-46.7656,22.54,95,79,0.9,BR,1689976674
189,palmer,42.1584,-72.3287,25.23,74,75,8.23,US,1689976589
190,trincomalee,8.5711,81.2335,27.39,77,100,10.23,LK,1689976675
191,flying fish cove,-10.4217,105.6791,23.82,83,100,6.17,CX,1689976082
192,chuhar jamali,24.3895,67.9923,29.31,79,100,6.66,PK,1689976675
193,castillos,-34.1667,-53.8333,19.68,85,27,4.94,UY,1689976301
194,quellon,-43.1167,-73.6167,9.14,87,75,3.6,CL,1689976428
195,sosnovo-ozerskoye,52.5249,111.5418,11.35,69,100,2.91,RU,1689976676
196,ulsteinvik,62.3432,5.8487,12.95,85,40,2.68,NO,1689976676
197,mejit,10.2753,170.8646,28.52,78,100,6.39,MH,1689976676
198,thunder bay,48.4001,-89.3168,25.99,44,40,4.63,CA,1689976407
199,wenchang,30.904,118.4887,24.97,95,100,2.2,CN,1689976458
200,moussoro,13.6408,16.4901,34.15,36,14,3.48,TD,1689976677
201,dihok,36.8695,42.994,29.33,13,0,1.85,IQ,1689976677
202,codrington,-38.2667,141.9667,9.46,87,100,5.15,AU,1689976081
203,celldomolk,47.2571,17.1503,16.05,95,95,0.4,HU,1689976678
204,saint-joseph,-21.3667,55.6167,19.71,85,55,6.02,RE,1689976134
205,suksun,57.1431,57.3949,15.21,73,46,3.07,RU,1689976678
206,watseka,40.7762,-87.7364,26.18,55,94,2.8,US,1689976678
207,aykhal,66.0,111.5,18.15,76,82,6.04,RU,1689976304
208,akom ii,2.7833,10.5667,20.53,100,100,0.86,CM,1689976679
209,crane,31.3974,-102.3501,38.0,14,22,7.2,US,1689976679
210,kavaratti,10.5669,72.642,28.16,80,100,9.45,IN,1689976679
211,tsiombe,-25.3,45.4833,18.41,64,26,5.69,MG,1689976679
212,cienfuegos,22.1461,-80.4356,34.08,66,32,3.6,CU,1689976679
213,smithers,54.7804,-127.1743,16.18,94,100,1.54,CA,1689976614
214,shimokizukuri,40.8061,140.3861,24.73,81,19,2.13,JP,1689976680
215,viedma,-40.8135,-62.9967,14.99,43,100,6.76,AR,1689976680
216,leava,-14.3,-178.1667,27.27,81,40,5.16,WF,1689976379
217,yankton,42.8711,-97.3973,27.14,54,0,4.12,US,1689976680
218,queenstown,-31.8976,26.8753,10.84,67,98,7.26,ZA,1689976681
219,puerto gaitan,4.3133,-72.0816,25.19,86,100,3.94,CO,1689976561
220,howrah,22.5892,88.3103,28.0,94,40,2.57,IN,1689976089
221,touros,-5.1989,-35.4608,24.6,73,0,7.47,BR,1689976681
222,la passe,45.5549,-0.8967,17.77,75,0,4.1,FR,1689976682
223,'ali al gharbi,32.4633,46.6864,37.67,9,0,10.44,IQ,1689976682
224,remontnoye,46.5614,43.6501,24.71,47,62,2.9,RU,1689976682
225,makaha,21.4694,-158.2175,28.95,65,100,4.63,US,1689976682
226,pandan,14.0453,124.1694,27.31,86,67,2.57,PH,1689976469
227,fortuna,40.5982,-124.1573,17.03,89,100,5.66,US,1689976683
228,gawler,-34.6,138.7333,10.61,81,100,3.34,AU,1689976683
229,al kharijah,25.4514,30.5464,31.98,16,14,4.53,EG,1689976087
230,pushkinskiye gory,57.0209,28.9103,12.26,77,61,2.71,RU,1689976683
231,alaghsas,17.0187,8.0168,32.55,34,93,5.73,NE,1689976684
232,zavodoukovsk,56.5042,66.5515,13.36,88,36,3.15,RU,1689976684
233,tolanaro,-25.0319,46.9987,16.04,94,40,0.0,MG,1689976684
234,chonchi,-42.6128,-73.8092,8.56,94,100,2.21,CL,1689976685
235,marakkanam,12.2,79.95,29.59,57,100,8.52,IN,1689976685
236,vadso,70.0744,29.7487,8.49,93,75,8.23,NO,1689976685
237,porto novo,6.4965,2.6036,25.9,86,68,4.43,BJ,1689976652
238,al bardiyah,31.7561,25.0865,27.17,76,0,5.32,LY,1689976686
239,mersing,2.4312,103.8405,24.95,94,20,2.06,MY,1689976686
240,staunton,38.1496,-79.0717,29.94,50,0,3.6,US,1689976621
241,la ronge,55.1001,-105.2842,25.14,36,75,5.66,CA,1689976316
242,mirny,62.5353,113.9611,19.02,63,67,1.79,RU,1689976686
243,batticaloa,7.7102,81.6924,27.12,64,100,4.36,LK,1689976687
244,portage la prairie,49.9728,-98.2926,28.05,38,20,3.6,CA,1689976126
245,ust'-kulom,61.6864,53.6902,13.56,93,99,3.02,RU,1689976687
246,borogontsy,62.6683,131.1683,13.39,77,2,2.9,RU,1689976391
247,sao vicente,-23.9631,-46.3919,21.66,62,100,0.51,BR,1689976114
248,bac lieu,9.285,105.7244,25.36,88,100,4.81,VN,1689976688
249,toliara,-23.35,43.6667,18.59,68,27,6.3,MG,1689976266
250,huarmey,-10.0681,-78.1522,21.82,76,19,4.46,PE,1689976129
251,olyokminsk,60.3736,120.4264,15.35,92,100,1.49,RU,1689976689
252,kinmparana,12.8402,-4.9199,29.09,59,100,4.73,ML,1689976689
253,qaqortoq,60.7167,-46.0333,7.64,89,30,1.21,GL,1689976690
254,tidjikja,18.5564,-11.4271,34.0,33,2,6.93,MR,1689976691
255,nouadhibou,20.931,-17.0347,21.99,83,0,8.23,MR,1689976369
256,khanty-mansiysk,61.0042,69.0019,17.06,94,0,3.13,RU,1689976691
257,lerwick,60.1545,-1.1494,11.0,89,17,3.69,GB,1689976691
258,angaur state,6.906,134.13,28.23,80,76,6.28,PW,1689976692
259,berber,18.0216,33.983,35.75,12,79,3.46,SD,1689976692
260,bagua grande,-5.7561,-78.4411,30.89,48,77,3.19,PE,1689976692
261,fort st. john,56.2499,-120.8529,23.94,50,75,4.63,CA,1689976422
262,champerico,14.3,-91.9167,34.3,67,91,3.99,GT,1689976693
263,olonets,60.9847,32.9698,14.42,84,100,5.34,RU,1689976387
264,guiping,23.3925,110.0814,25.86,88,90,1.6,CN,1689976693
265,tamarin,-20.3256,57.3706,22.31,75,18,5.2,MU,1689976693
266,kayangel,8.0823,134.7173,27.79,81,100,5.69,PW,1689976694
267,praia da vitoria,38.7333,-27.0667,22.64,100,40,1.05,PT,1689976694
268,nagai,38.1036,140.035,21.33,95,62,0.61,JP,1689976694
269,dongola,19.1667,30.4833,37.17,12,98,4.4,SD,1689976694
270,opuwo,-18.0607,13.84,16.12,23,0,1.31,NA,1689976695
271,dzhetygara,52.1908,61.2006,17.55,57,92,1.4,KZ,1689976695
272,francavilla al mare,42.4206,14.287,28.98,48,0,1.54,IT,1689976695
273,saudarkrokur,65.7461,-19.6394,10.25,84,71,1.36,IS,1689976695
274,tortoreto lido,42.8038,13.9429,29.05,87,23,1.95,IT,1689976695
275,lincheng,19.9078,109.6858,26.41,87,71,3.24,CN,1689976696
276,saipan,15.1355,145.701,28.69,100,20,4.63,MP,1689976105
277,malvan,16.0667,73.4667,26.57,84,100,9.79,IN,1689976696
278,kenai,60.5544,-151.2583,20.05,60,20,6.69,US,1689976128
279,sumenep,-7.0167,113.8667,24.47,73,47,4.93,ID,1689976441
280,mossel bay,-34.1831,22.146,7.96,66,59,1.27,ZA,1689976697
281,udachny,66.4167,112.4,16.92,72,94,6.92,RU,1689976267
282,altamira,-3.2033,-52.2064,29.05,70,0,0.0,BR,1689976363
283,canico,32.6333,-16.85,23.4,81,20,4.63,PT,1689976698
284,utrik,11.2278,169.8474,28.39,76,90,6.81,MH,1689976111
285,lata,40.1629,-8.3327,13.78,95,4,0.89,PT,1689976698
286,mount gambier,-37.8333,140.7667,8.31,96,65,3.43,AU,1689976698
287,naintre,46.7667,0.4833,18.02,65,6,3.83,FR,1689976698
288,bryukhovetskaya,45.806,38.9996,21.12,81,20,1.96,RU,1689976699
289,lihue,21.9789,-159.3672,28.77,74,100,6.69,US,1689976699
290,padang,-0.9492,100.3543,23.03,85,59,1.44,ID,1689976266
291,warrnambool,-38.3833,142.4833,10.12,81,100,5.5,AU,1689976405
292,port alfred,-33.5906,26.891,19.18,50,82,8.28,ZA,1689976699
293,wainwright,52.839,-110.8572,26.38,43,5,2.69,CA,1689976700
294,al ghayzah,16.2079,52.176,25.31,92,97,3.34,YE,1689976700
295,binbrook,43.121,-79.804,27.16,50,40,6.69,CA,1689976425
296,nagqu,31.5,92.0,1.98,71,1,1.29,CN,1689976427
297,port douglas,-16.4833,145.4667,21.34,74,0,1.82,AU,1689976281
298,pacific grove,36.6177,-121.9166,30.91,83,40,4.47,US,1689976322
299,san luis de la loma,17.2706,-100.8939,31.93,65,32,4.45,MX,1689976701
300,dunedin,-45.8742,170.5036,7.67,72,15,2.24,NZ,1689976320
301,korsholm,63.1142,21.6822,13.83,97,94,1.79,FI,1689976702
302,imperia,43.9667,7.7833,21.89,85,2,2.62,IT,1689976702
303,akhnur,32.8667,74.7333,27.87,84,100,3.71,IN,1689976702
304,alofi,-19.0595,-169.9187,23.94,100,11,5.14,NU,1689976291
305,lindsay,36.203,-119.0882,41.67,25,0,4.12,US,1689976703
306,motygino,58.1831,94.7592,14.88,71,91,1.3,RU,1689976703
307,miracema do tocantins,-9.5618,-48.3967,25.77,31,0,2.27,BR,1689976703
308,vorgashor,67.5833,63.95,15.75,90,52,2.91,RU,1689976704
309,saint-francois,46.4154,3.9054,15.69,77,0,0.0,FR,1689976704
310,teluknaga,-6.0989,106.6381,26.77,94,20,2.57,ID,1689976704
311,mogadishu,2.0371,45.3438,24.74,90,71,8.22,SO,1689976466
312,bikenibeu village,1.3673,173.1241,27.98,89,75,1.03,KI,1689976306
313,lobujya,27.95,86.8167,3.56,84,93,1.27,NP,1689976705
314,portland,45.5234,-122.6762,31.27,42,0,2.68,US,1689976285
315,miles city,46.4083,-105.8406,31.54,22,20,2.06,US,1689976705
316,tabas,33.5959,56.9244,34.12,15,0,2.06,IR,1689976127
317,cestos city,5.46,-9.5828,25.28,83,86,5.57,LR,1689976705
318,siem reap,13.5,104.0,24.86,98,100,0.4,KH,1689976706
319,lauro de freitas,-12.8944,-38.3272,27.01,74,75,4.12,BR,1689976706
320,merizo village,13.2658,144.6691,28.32,93,100,4.82,GU,1689976315
321,kostomuksha,64.571,30.5767,11.09,97,100,4.71,RU,1689976706
322,berezovo,63.9381,65.0419,15.33,95,84,1.23,RU,1689976707
323,'ain boucif,35.8912,3.1585,27.96,30,71,2.32,DZ,1689976707
324,akureyri,65.6835,-18.0878,11.96,76,75,2.57,IS,1689976707
325,grande prairie,55.1667,-118.8027,26.1,47,75,3.6,CA,1689976474
326,qalat,32.1058,66.9083,26.69,32,8,5.03,AF,1689976707
327,geraldton,-28.7667,114.6,9.23,100,0,3.6,AU,1689976708
328,bojnurd,37.4747,57.329,22.97,28,0,0.0,IR,1689976708
329,oranjemund,-28.55,16.4333,12.02,56,46,0.78,NA,1689976708
330,nova sintra,14.8667,-24.7167,23.02,83,19,6.95,CV,1689976708
331,bayanaul,50.7889,75.6956,16.3,75,43,5.99,KZ,1689976709
332,salekhard,66.53,66.6019,18.21,88,100,1.22,RU,1689976709
333,saint-pierre,-21.3393,55.4781,19.82,88,75,3.09,RE,1689976709
334,kerikeri,-35.2268,173.9474,11.62,87,35,1.72,NZ,1689976709
335,cerro de ortega,18.75,-103.7667,32.9,56,8,3.61,MX,1689976710
336,namsos,64.4662,11.4957,12.03,94,100,2.06,NO,1689976710
337,shamkhor,40.8297,46.0189,26.2,60,37,3.56,AZ,1689976710
338,mae chai,19.346,99.814,23.57,95,99,0.35,TH,1689976710
339,san patricio,28.017,-97.5169,37.88,40,0,6.52,US,1689976711
340,cortez,37.3489,-108.5859,34.46,13,0,4.12,US,1689976425
341,merowe,18.4833,31.8167,36.33,12,36,4.45,SD,1689976711
342,hermanus,-34.4187,19.2345,10.88,62,98,2.46,ZA,1689976711
343,juegang,32.3174,121.1855,27.77,94,95,3.31,CN,1689976712
344,puerto leguizamo,-0.1934,-74.7819,22.94,96,85,1.02,CO,1689976114
345,pisco,-13.7,-76.2167,21.03,73,0,4.63,PE,1689976712
346,raja,8.4596,25.678,21.93,92,100,1.56,SS,1689976131
347,zalegoshch',52.9008,36.8869,13.74,76,83,3.27,RU,1689976712
348,broken hill,-31.95,141.4333,6.13,67,3,1.93,AU,1689976713
349,adrar,20.5022,-10.0711,36.73,9,3,5.77,MR,1689976713
350,vernon,50.2581,-119.2691,37.39,19,99,1.03,CA,1689976442
351,gaigeturi,33.4644,126.3183,25.03,69,100,4.63,KR,1689976713
352,buala,-8.145,159.5921,27.72,81,88,1.89,SB,1689976714
353,severinia,-20.8094,-48.8028,23.82,40,42,2.31,BR,1689976714
354,grand falls-windsor,48.9332,-55.6649,25.84,73,78,5.26,CA,1689976679
355,leh,34.1667,77.5833,15.94,71,84,2.63,IN,1689976715
356,griffith,41.5284,-87.4237,27.85,58,0,5.14,US,1689976377
357,margate,51.3813,1.3862,15.94,79,98,1.34,GB,1689976715
358,heunghae,36.1125,129.3522,22.84,92,54,0.68,KR,1689976715
359,keflavik,64.0049,-22.5624,12.95,87,100,5.66,IS,1689976716
360,dubbo,-32.25,148.6167,-1.93,100,75,2.06,AU,1689976716
361,qutqashen,40.9814,47.8458,20.11,48,26,2.36,AZ,1689976716
362,makokou,0.5738,12.8642,24.46,77,93,1.18,GA,1689976716
363,st. john's,47.5649,-52.7093,26.66,65,75,5.66,CA,1689976536
364,snyder,32.7179,-100.9176,35.18,31,0,3.09,US,1689976565
365,priargunsk,50.3691,119.1012,14.48,96,100,5.85,RU,1689976717
366,puerto carreno,6.189,-67.4859,24.99,94,75,1.03,CO,1689976717
367,sept-iles,50.2001,-66.3821,20.59,69,75,5.66,CA,1689976717
368,tarawa,1.419,172.984,28.05,89,75,1.03,KI,1689976717
369,mount isa,-20.7333,139.5,11.87,47,0,5.14,AU,1689976718
370,natal,-5.795,-35.2094,26.36,73,75,7.2,BR,1689976718
371,maraba,-5.3686,-49.1178,31.1,35,0,2.06,BR,1689976718
372,sur,22.5667,59.5289,30.78,64,100,2.35,OM,1689976445
373,mcgregor,26.5609,-81.9145,33.88,74,75,9.77,US,1689976718
374,karabar,-35.3753,149.2308,1.36,93,5,1.12,AU,1689976719
375,ujae,8.9322,165.7642,28.77,75,100,6.61,MH,1689976407
376,manghit,42.1156,60.0597,25.99,24,18,6.22,UZ,1689976121
377,embi,48.8264,58.1442,22.48,37,3,3.05,KZ,1689976719
378,vilino,44.8456,33.6716,23.37,67,0,2.73,UA,1689976719
379,zhumysker,49.3333,49.4,25.33,34,30,4.7,KZ,1689976720
380,saurimo,-9.6608,20.3916,20.78,31,30,2.23,AO,1689976720
381,ugoofaaru,5.6667,73.0,27.91,77,100,6.87,MV,1689976720
382,loreto,22.2667,-101.9667,29.91,20,15,7.14,MX,1689976720
383,ponta delgada,37.7333,-25.6667,21.4,88,75,2.06,PT,1689976720
384,borazjan,29.2666,51.2159,35.56,16,76,0.35,IR,1689976721
385,vegreville,53.5001,-112.0518,26.39,57,15,1.54,CA,1689976721
386,horodnya,51.8909,31.5974,12.32,77,22,1.89,UA,1689976721
387,altai,46.3722,96.2583,12.58,59,0,1.07,MN,1689976133
388,chifeng,42.2683,118.9636,20.69,69,100,3.47,CN,1689976722
389,zaoyang,32.1272,112.7542,22.98,92,25,2.32,CN,1689976722
390,narvik,68.4384,17.4272,14.1,93,100,2.21,NO,1689976121
391,black river,18.0264,-77.8487,32.13,51,18,8.36,JM,1689976572
392,citluk,43.2286,17.7008,25.87,54,0,1.54,BA,1689976722
393,island harbour,50.724,-1.2758,17.18,74,46,0.45,GB,1689976477
394,kailua-kona,19.6406,-155.9956,28.66,84,40,4.63,US,1689976723
395,kone,-21.0595,164.8658,19.22,64,74,1.4,NC,1689976723
396,chukhloma,58.7525,42.6825,13.04,79,51,3.15,RU,1689976723
397,yanbu,24.0891,38.0637,34.02,49,0,4.12,SA,1689976368
398,iwon-up,40.3231,128.6553,22.74,90,21,0.72,KP,1689976724
399,polyarnyy,69.1989,33.4478,8.77,80,100,7.15,RU,1689976724
400,richards bay,-28.783,32.0377,14.59,74,53,4.65,ZA,1689976724
401,kisangani,0.5167,25.2,24.41,71,36,1.16,CD,1689976724
402,constitucion,-35.3333,-72.4167,12.92,82,100,4.94,CL,1689976724
403,punta del este,-34.9667,-54.95,19.06,82,0,3.6,UY,1689976725
404,kosh-agach,50.0,88.6667,11.11,68,100,0.43,RU,1689976725
405,gadwal,16.2333,77.8,24.83,81,100,8.02,IN,1689976725
406,yelizovo,53.1873,158.3805,18.08,77,0,3.13,RU,1689976725
407,okhotsk,59.3833,143.3,13.8,90,99,1.91,RU,1689976306
408,mandalgovi,45.7625,106.2708,15.39,80,97,2.64,MN,1689976726
409,jalai nur,49.45,117.7,15.45,96,100,6.62,CN,1689976726
410,labytnangi,66.6572,66.4183,18.01,88,99,1.87,RU,1689976726
411,lloydminster,53.2835,-110.0016,25.12,53,20,3.09,CA,1689976548
412,lokhvytsya,50.3678,33.2602,15.7,67,84,1.46,UA,1689976726
413,hasaki,35.7333,140.8333,27.39,77,4,4.18,JP,1689976726
414,paoy paet,13.6561,102.5625,23.86,97,100,0.95,KH,1689976727
415,los frentones,-26.4077,-61.4137,31.9,24,61,7.05,AR,1689976727
416,lakatoro,-16.0999,167.4164,23.77,79,100,3.33,VU,1689976727
417,zaysan,47.4667,84.8667,21.95,31,62,3.01,KZ,1689976727
418,mabaruma,8.2,-59.7833,26.38,81,39,2.33,GY,1689976728
419,velikiy ustyug,60.7644,46.3106,12.32,97,100,3.32,RU,1689976728
420,asifabad,19.3667,79.2833,24.05,98,100,2.18,IN,1689976728
421,beloretsk,53.9631,58.3981,11.86,88,80,0.91,RU,1689976728
422,sola,-13.8833,167.55,25.37,94,100,1.03,VU,1689976729
423,obo,5.3998,26.4869,20.39,94,90,1.26,CF,1689976729
424,namibe,-15.1961,12.1522,18.48,81,95,2.16,AO,1689976729
425,rikaze,29.25,88.8833,14.76,54,11,2.19,CN,1689976729
426,colonia,50.9333,6.95,16.03,69,0,2.06,DE,1689976729
427,villa dolores,-31.9459,-65.1896,18.59,58,98,0.47,AR,1689976730
428,ixtapa,20.7,-105.2,31.24,79,27,2.24,MX,1689976393
429,kongsvinger,60.1905,11.9977,12.37,92,98,0.19,NO,1689976730
430,ocean shores,46.9737,-124.1563,22.2,79,20,6.17,US,1689976493
431,guise,49.9006,3.628,11.66,71,7,2.66,FR,1689976730
432,filingue,14.3521,3.3168,28.86,53,99,0.13,NE,1689976731
433,las lomitas,-24.7096,-60.593,32.1,23,2,6.78,AR,1689976731
434,puerto colombia,10.9878,-74.9547,33.05,82,5,8.37,CO,1689976731
435,goba,7.0167,39.9833,10.6,88,100,2.39,ET,1689976732
436,tazacorte,28.629,-17.9293,23.54,90,0,9.77,ES,1689976732
437,chibougamau,49.9168,-74.3659,16.79,88,100,2.29,CA,1689976041
438,sihanoukville,10.6093,103.5296,24.97,94,75,1.03,KH,1689976732
439,coquimbo,-29.9533,-71.3436,14.85,82,75,2.57,CL,1689976648
440,flin flon,54.7682,-101.865,24.91,47,75,5.14,CA,1689976303
441,bayeux,-7.125,-34.9322,25.35,73,20,4.12,BR,1689976733
442,koungou,-12.7336,45.2042,24.84,88,0,2.06,YT,1689976733
443,san luis ixcan,15.7872,-91.095,31.14,59,50,1.73,GT,1689976733
444,luderitz,-26.6481,15.1594,13.93,54,59,2.66,NA,1689976735
445,wotho,10.1657,166.0102,28.44,77,100,7.26,MH,1689976735
446,bondo,3.8146,23.6866,22.08,85,87,0.31,CD,1689976735
447,abepura,-2.6333,140.5833,24.45,88,20,1.03,ID,1689976735
448,kurumkan,54.3,110.3,17.16,63,61,1.27,RU,1689976735
449,lospalos,-8.5186,127.0025,18.74,83,47,1.79,TL,1689976736
450,uturoa,-16.7333,-151.4333,24.36,65,31,6.45,PF,1689976296
451,brokopondo,4.75,-55.1667,27.88,73,69,2.25,SR,1689976736
452,east london,-33.0153,27.9116,16.69,54,88,5.4,ZA,1689976728
453,howard springs,-12.497,131.047,20.95,77,19,2.31,AU,1689976736
454,ringim,12.1548,9.1619,27.62,62,100,4.18,NG,1689976737
455,vieux-habitants,16.0589,-61.7659,30.4,71,98,1.99,GP,1689976737
456,holdrege,40.4403,-99.3698,26.6,50,75,2.06,US,1689976439
457,tosontsengel,48.7567,98.2839,11.97,88,96,1.05,MN,1689976737
458,kasaragod,12.5,75.0,26.27,85,100,6.38,IN,1689976738
459,vuktyl,63.8567,57.3094,13.55,93,58,2.25,RU,1689976738
460,itaituba,-4.2761,-55.9836,31.09,66,20,2.06,BR,1689976738
461,roshal',55.6685,39.8749,11.27,80,33,2.39,RU,1689976738
462,kangding,30.0513,101.9603,12.18,77,93,2.52,CN,1689976738
463,reyes,-14.3167,-67.3833,26.75,57,0,0.43,BO,1689976739
464,pontianak,-0.0333,109.3333,22.99,100,98,1.54,ID,1689976739
465,rabo de peixe,37.8,-25.5833,20.73,88,75,2.06,PT,1689976384
466,camarinas,43.1311,-9.1817,19.96,86,36,7.67,ES,1689976739
467,bamboo flat,11.7,92.7167,25.05,94,100,1.03,IN,1689976739
468,sirte,31.2089,16.5887,27.87,70,0,3.94,LY,1689976740
469,labrador city,52.9463,-66.9114,18.95,52,100,2.57,CA,1689976740
470,oasis,33.4659,-116.0989,49.36,15,30,2.62,US,1689976740
471,palikir - national government center,6.9248,158.1611,28.47,84,100,2.57,FM,1689976740
472,jakar,27.5492,90.7525,15.05,96,100,0.58,BT,1689976740
473,taltal,-25.4,-70.4833,17.08,81,85,1.29,CL,1689976220
474,murray bridge,-35.1167,139.2667,9.51,84,9,3.6,AU,1689976741
475,bozyazi,36.1082,32.9611,30.65,43,0,4.41,TR,1689976741
476,port macquarie,-31.4333,152.9167,10.5,66,54,5.24,AU,1689976741
477,khandyga,62.6667,135.6,12.91,95,100,0.98,RU,1689976438
478,ulcinj,41.9294,19.2244,29.12,52,1,1.73,ME,1689976742
479,hami,42.8,93.45,27.83,20,32,4.43,CN,1689976742
480,abadan,30.3392,48.3043,34.97,13,3,2.06,IR,1689976742
481,pathein,16.7833,94.7333,25.7,91,90,1.65,MM,1689976743
482,salalah,17.0151,54.0924,24.65,95,100,2.59,OM,1689976743
483,ekibastuz,51.6667,75.3667,18.08,70,20,8.51,KZ,1689976743
484,braila,45.2667,27.9833,22.35,64,0,3.99,RO,1689976743
485,xique xique,-10.8217,-42.7311,24.55,58,10,6.2,BR,1689976743
486,sechura,-5.5569,-80.8222,24.91,64,5,8.8,PE,1689976744
487,ust'-ilimsk,58.0006,102.6619,16.54,66,4,1.08,RU,1689976744
488,miyako,39.6367,141.9525,22.44,81,2,1.3,JP,1689976744
489,krupki,54.3178,29.1358,13.52,72,32,2.7,BY,1689976744
490,galesong,-5.3166,119.3661,23.01,82,10,4.41,ID,1689976459
491,mahina,-17.5065,-149.489,26.87,54,20,2.57,PF,1689976745
492,nieuw amsterdam,5.8833,-55.0833,29.09,78,20,0.51,SR,1689976745
493,barcelona,41.3888,2.159,26.25,73,40,2.06,ES,1689976677
494,itambe,-15.245,-40.6244,18.48,95,100,2.35,BR,1689976745
495,kenora,49.8167,-94.4337,22.54,64,75,4.63,CA,1689976746
496,wangdue phodrang,27.4862,89.8991,22.63,93,100,0.33,BT,1689976746
497,orlovskiy,46.8714,42.0592,21.68,68,7,2.99,RU,1689976746
498,katoomba,-33.7198,150.3074,2.82,71,0,0.45,AU,1689976746
499,najaf,31.9985,44.3398,36.88,11,0,3.6,IQ,1689976746
500,kawambwa,-9.7915,29.0791,18.07,39,4,4.65,ZM,1689976747
501,matam,15.6175,-13.3303,32.0,66,0,3.09,SN,1689976747
502,kayyerkan,69.3786,87.7439,18.5,77,100,4.13,RU,1689976747
503,chabahar,25.2919,60.643,28.06,84,97,3.95,IR,1689976747
504,tralee,52.2704,-9.7026,13.54,96,100,4.21,IE,1689976726
505,victoria point,-27.5833,153.3,14.41,76,0,0.45,AU,1689976748
506,wamba,8.9333,8.6,23.63,85,99,0.96,NG,1689976748
507,bereznik,62.8551,42.7072,13.01,97,100,2.52,RU,1689976748
508,monguno,12.6786,13.6079,28.6,60,20,3.15,NG,1689976438
509,whitecourt,54.1502,-115.6855,27.58,47,75,4.63,CA,1689976512
510,biograd na moru,43.9433,15.4519,24.39,76,15,3.56,HR,1689976749
511,tut,37.7953,37.9161,29.52,30,0,4.45,TR,1689976429
512,acarau,-2.8856,-40.12,26.17,70,1,7.91,BR,1689976729
513,amungan,15.3652,119.9582,26.91,79,43,1.24,PH,1689976750
514,rockland,41.1668,-74.0496,30.25,66,21,2.81,US,1689976750
515,ndele,8.4109,20.6473,23.25,84,99,1.75,CF,1689976750
516,bonthe,7.5264,-12.505,25.34,88,100,4.86,SL,1689976750
517,ponta pora,-22.5361,-55.7256,26.95,44,0,2.06,BR,1689976750
518,mount pearl,47.5166,-52.7813,26.19,65,75,5.66,CA,1689976751
519,ghat,24.9647,10.1728,32.27,12,0,3.49,LY,1689976751
520,scarborough,54.2797,-0.4044,12.76,89,91,0.89,GB,1689976751
521,el obeid,13.1842,30.2167,25.78,62,85,8.17,SD,1689976751
522,shiyan,32.6475,110.7781,22.61,89,0,1.86,CN,1689976751
523,pierre,44.3683,-100.351,31.51,29,0,5.14,US,1689976752
524,villa gesell,-37.2639,-56.973,18.92,89,100,6.0,AR,1689976610
525,anar darah,32.7587,61.654,28.79,18,3,5.86,AF,1689976752
526,zadonsk,52.3904,38.9261,16.8,65,92,2.67,RU,1689976752
527,bintulu,3.1667,113.0333,23.23,100,20,2.24,MY,1689976752
528,makushino,55.2103,67.2442,13.87,88,37,3.89,RU,1689976753
529,fayroz koh,34.5195,65.2509,15.29,43,0,0.9,AF,1689976753
530,tezu,27.9167,96.1667,26.03,78,98,1.49,IN,1689976753
531,poxoreo,-15.8372,-54.3892,25.3,34,0,2.2,BR,1689976753
532,la mira,18.035,-102.3266,31.11,68,26,3.64,MX,1689976754
533,puerto san jose,13.9256,-90.8244,31.92,62,35,4.79,GT,1689976256
534,salinas,36.6777,-121.6555,41.12,56,0,6.17,US,1689976754
535,aripuana,-9.1667,-60.6333,27.44,37,25,0.94,BR,1689976306
536,peniche,39.3558,-9.3811,19.6,89,8,5.05,PT,1689976515
537,cottage grove,44.8277,-92.9438,29.6,51,40,3.09,US,1689976680
538,mitu,1.1983,-70.1733,25.03,94,53,0.83,CO,1689976755
539,pitimbu,-7.4706,-34.8086,25.33,76,5,6.44,BR,1689976755
540,kirensk,57.7853,108.1119,16.09,76,10,1.43,RU,1689976755
541,hepo,23.4308,115.8299,25.81,97,100,0.64,CN,1689976755
542,byron bay,-28.65,153.6167,10.39,71,2,5.31,AU,1689976756
543,puerto baquerizo moreno,-0.9,-89.6,27.55,74,40,4.63,EC,1689976756
544,konarka,19.9,86.1167,27.22,88,100,3.81,IN,1689976756
545,lazaro cardenas,17.9583,-102.2,30.77,69,22,4.13,MX,1689976756
546,port saint john's,-31.6229,29.5448,14.38,78,79,4.34,ZA,1689976756
547,rexburg,43.826,-111.7897,31.97,21,0,2.57,US,1689976757
548,kuanda,56.3161,116.0806,16.13,70,32,0.15,RU,1689976757
549,nyurba,63.2842,118.3319,18.05,81,77,1.34,RU,1689976425
550,laojunmiao,39.8333,97.7333,19.61,25,4,2.61,CN,1689976757
551,ketchikan,55.3422,-131.6461,17.26,94,100,2.06,US,1689976758
552,brzeziny,51.8002,19.7514,18.65,77,100,3.82,PL,1689976758
553,porbandar,21.6422,69.6093,27.63,86,100,6.45,IN,1689976758
554,eastham,41.8301,-69.9739,23.18,77,79,1.79,US,1689976758
555,pointe aux piments,-20.0628,57.5131,22.31,77,8,5.75,MU,1689976760
556,port hedland,-20.3167,118.5667,18.03,32,0,6.69,AU,1689976760
557,brookings,44.3114,-96.7984,27.32,65,0,4.12,US,1689976320
558,lagoa,39.05,-27.9833,20.91,84,58,2.33,PT,1689976760
559,nguigmi,14.2495,13.1092,30.13,53,10,2.6,NE,1689976760
560,boende,-0.2167,20.8667,25.59,64,96,0.86,CD,1689976761
561,encruzilhada do sul,-30.5439,-52.5219,16.67,91,13,2.47,BR,1689976761
